{
    "companyFind":{
      "findMeta":{
        "quickFind":[1009,1004,1005,1002],
        "allFind":[1000,1001,1002,1003,1009,1004,1005,1010,1006,1007,1011,1008],
        "colCount":4,
        "customer":{
          "100": {
            "name":"方案一1",
            "keys":[1009,1004,1005]
          },
          "101":{
            "name":"方案二2",
            "keys":[1006,1004,1005]
          }
        }
      },
      "findItem":{
        "1000":{
            "controlId": 1000,
            "colName": "companyName",
            "controlType": 101,
            "class": "",
            "placeholder": "公司名称",
            "title": "公司名称",
            "size": 10,
            "maxlength": 100,
            "optionList": [],
            "findKind":"402",
            "tdCount":1
        },
        "1001":{
            "controlId": 1001,
            "colName": "companyCode",
            "controlType": 131,
            "class": "",
            "placeholder": "公司邮编",
            "title": "公司邮编",
            "min": 100000,
            "max": 999999,
            "step": 1,
            "maxlength": 6,
            "optionList": [] ,
            "findKind":"401",
            "tdCount":1
        }
      }
    }
  }